seller_id,seller_state,on_time_rate,delivered_lines
d1b65fc7debc3361ea86b5f14c68d2e2,SP,0.9487,39
e49c26c3edfa46d227d5121a6b6e4d37,PE,1.0000,34
1b938a7ec6ac5061a66a3766e0e75f90,SP,0.9655,29
768a86e36ad6aae3d03ee3c6433d61df,SP,0.8235,17
ccc4bbb5f32a6ab2b7066a4130f114e3,PR,0.9239,184
8bd0f31cf0a614c658f6763bd02dea69,SP,0.9697,33
e38db885400cd35c71dfd162f2c1dbcf,DF,0.8667,30
d2e753bb80b7d4faa77483ed00edc8ca,BA,0.9286,14
2ff97219cb8622eaf3cd89b7d9c09824,SP,0.9425,87
2a1348e9addc1af5aaa619b1a3679d6b,MG,0.7292,48
116ccb1a1604bc88e4d234a8c23f33de,SP,0.9344,61
430315b7bb4b6e4b3c978f9dfa9b0558,SP,0.9474,19
406822777a0b9eb5c50e442dd4cd3ec5,SP,0.8636,44
e9e446d01bd10a97a8ffcfc4a3a20cb2,SP,1.0000,3
d9a84e1403de8da0c3aa531d6d108ba6,SP,0.9434,53
9c690ceacd5c66731bf443ea810195cb,MG,1.0000,10
1f9ab4708f3056ede07124aad39a2554,SP,0.9474,76
d3674f271c91f824f82d24d92011f669,DF,0.9000,20
8444e55c1f13cd5c179851e5ca5ebd00,MG,0.9348,92
28a26ebce31d5918b181ede016fd693b,MG,1.0000,1
41ab63a91b8b264e8c8780368bf1dd5b,MG,1.0000,12
0c7533c71df861ec58ad7ff999ed0e8d,SP,0.9508,61
ef990a83bbea832f36ebe81376335aa8,SC,0.7442,43
0747d5bb69f0586cc869d8af4c50f93e,RJ,0.9167,12
7d294cf9a6a69dc6a0c3e540fff0e039,SC,1.0000,5
02ecc2a19303f05e59ce133fd923fff7,SP,1.0000,21
c013e57c075a06e5b5c48ee03c525719,SP,0.9286,42
55f7a3319d80f7fdf078b8f03e6725fe,SP,0.9091,22
2d50d6282f8aa2257819a77bfaa0efe0,SP,0.8571,42
a416b6a846a11724393025641d4edd5e,SP,0.8726,157
7e93a43ef30c4f03f38b393420bc753a,SP,0.9436,319
ef506c96320abeedfb894c34db06f478,SP,0.9146,316
a13aaf2d2886ab9fb30fb9a920160b8f,SC,0.7500,4
7299e27ed73d2ad986de7f7c77d919fa,MG,0.9522,335
8a9260f2b0340411d6d2a56bcf4f7378,MG,0.8750,8
b2479f944e1b90cf8a5de1bbfde284d6,SP,0.8614,101
7722b1df1b0e383e000397b2c11e3e19,SP,0.9699,133
4e7c18b98d84e05cbae3ff0ff03846c2,SP,0.9506,81
b56906f7fd1696e043f1bcce164c487b,SP,0.9500,40
d650b663c3b5f6fb392b6326366efa9a,SP,0.9298,57
669ae81880e08f269a64487cfb287169,SC,0.9565,161
c2d70ce2c5d0a2eb75e78668236e6dc8,SP,1.0000,13
abe42c5d03695b4257b5c6cbf4e6784e,RJ,0.8367,49
1996942dc085d7773ba77a529b163cd0,SP,1.0000,9
63ffcb71394dd8ea3872ed9ffda17c74,RJ,0.9412,17
cda598c48d7c614bc1cad7d8ff6f0010,SP,1.0000,17
d4910f1cdcfdabd48d6b316e395d4a23,SP,0.9091,11
709e16e2b25c7474d980076c6bfc4806,SP,0.9667,60
276677b5d08786d5dce7c2149dcce48b,MG,0.9032,31
512d298ac2a96d1931b6bd30aa21f61d,RJ,1.0000,11
8bb48dc19fccaa8613b6229bf7f452a2,SP,0.9756,82
ad87df7699e83b8a91822a4a0b765c3a,SP,1.0000,5
62760d278921b5f352461620d68a9cee,SP,0.6667,3
1d4587203296c8f4ad134dc286fa6db0,SP,0.9500,40
0c8380b62e38e8a1e6adbeba7eb9688c,MG,0.9444,180
37be5a7c751166fbc5f8ccba4119e043,SP,0.9740,269
44073f8b7e41514de3b7815dd0237f4f,DF,0.9648,142
9d39404483343dd55c7ae254494d8388,SP,0.9000,10
75745ef7bc7d4f3ea3380f6f5303f514,DF,1.0000,3
7b07b3c7487f0ea825fc6df75abd658b,SP,0.9560,91
99002261c568a84cce14d43fcffb43ea,MT,0.9167,36
784ba75dd9d20200c4caed3d7a77141a,SP,0.8947,19
0ad80de75c811326389cfb1daba7d45e,RJ,1.0000,6
ba6b4a237f92479743cf0ca06b67a9ac,RJ,0.8750,8
82e0a475a88cc9595229d8029273f045,SP,0.9024,41
ed4acab38528488b65a9a9c603ff024a,SP,0.9677,31
b18dc380845b24038cfc48006478f099,SP,0.8372,43
4c498c7345e89aebad651544829beca0,SP,0.8723,47
f12ff17ad8bbf01ec5c33b17e506649b,SP,0.8929,28
42b6488f5b8246d9141712abd4b1b693,PR,1.0000,2
229c3efbfb0ea2058de4ccdfbc3d784a,MG,0.9831,118
95ec4458365c4d11f452ccf538377619,SP,0.9630,27
6ec1a01e866584bb679eb9b098345919,SP,0.8000,30
fa40cc5b934574b62717c68f3d678b6d,SP,0.9375,304
8b2492b7ff4468839593fafeed55bad9,RJ,0.9310,29
aaed1309374718fdd995ee4c58c9dfcd,SC,0.9712,104
11d4c477d09821164bca4f70a2eae031,SP,1.0000,3
d1c7fa84e48cfa21a0e595167c1c500e,RS,1.0000,12
e88165a185134e13fdfc85d4fa654db8,SP,0.5000,2
9e6229250fedbe05838fef417b74e7fb,SP,0.9589,73
5abb8ea023c77787f2c15da891c8d384,SC,0.7692,13
817245bcc3badd82bbd222e0366951a6,SP,0.9643,28
caa9bc43a9fe8cf9c564ddd8a03cc4a6,SP,0.9231,13
615005a3ef192c00c6f0e977cee3d2bc,SP,0.8000,10
7178f9f4dd81dcef02f62acdf8151e01,SC,0.9505,202
3f995f07c49d0d55a99d5c54957f7d81,SP,0.9767,43
a6bd7d1ccdac48c6b33b28596b7eb122,PB,0.8667,15
3db66a856d18a9cba7c9241fc5221c50,MG,0.8830,94
14a08204d03bb6b6bde8029f801ae0eb,SP,1.0000,28
739c7d7be81f63812dea0d1b1451c651,PB,1.0000,2
e45edf75f568ed2f93f78d060e246e25,RJ,0.8333,6
3d621842b2ed28e2b474132480edac3c,SP,1.0000,8
a17f621c590ea0fab3d5d883e1630ec6,SP,0.9206,63
9d69ba0a7a626a64dc5db08e529559cf,SP,1.0000,1
d180e07dc1e58c31c3f0cd599dc4d945,MG,1.0000,1
d6b1ce66b035a475f00c017792ff9769,SP,0.9348,92
ececbfcff9804a2d6b40f589df8eef2b,SP,0.8969,97
7d13fca15225358621be4086e1eb0964,SP,0.8781,558
1b4c3a6f53068f0b6944d2d005c9fc89,SC,0.9369,111
b92e3c8f9738272ff7c59e111e108d7c,MG,0.9677,62
4917cee8d902e13428c3ec4b1ca6f315,SC,0.9677,31
5011f0d93373a4c5753adf58ca77af8d,SP,0.9091,11
50c9975695009e5e6473912e83a6d1da,MG,0.8600,50
7aa4334be125fcdd2ba64b3180029f14,SP,0.8645,214
b14db04aa7881970e83ffa9426897925,SP,0.8846,78
a3e9a2c700480d9bb01fba070ba80a0e,SP,0.8992,129
516e7738bd8f735ac19a010ee5450d8d,RJ,0.9459,74
9f505651f4a6abe901a56cdc21508025,SP,0.9491,393
7142540dd4c91e2237acb7e911c4eba2,SP,0.9177,316
a3a38f4affed601eb87a97788c949667,SC,0.9522,251
744dac408745240a2c2528fb1b6028f3,PR,0.9872,78
9b013e03b2ab786505a1d3b5c0756754,SP,0.9412,170
8b9d6eec4a7eb7d0f9d579ce0b38324d,RJ,0.8333,48
83deb69e889cf80f82be1dc6d5f2d486,SC,0.9500,40
54aa8463e87776b5612f4bdc4bd5d4de,MG,1.0000,7
2e7ea2aafec5835e781b21d6d1faf1f1,SP,0.8571,7
79ebd9a61bac3eaf882805ed4ecfa12a,PR,0.9398,133
5f3ae9136c875522250f8184f253413a,SP,0.9286,42
26af45f5dfd967225a832838aa4e24a3,PR,1.0000,10
8e6d7754bc7e0f22c96d255ebda59eba,SP,0.8333,84
3ca08eeb8d5595949fed424bd3677742,PR,1.0000,13
cbd996ad3c1b7dc71fd0e5f5df9087e2,SP,0.9125,160
e067ad2c1c0b48758eb1b5228bcf7a68,SP,0.9074,54
4e85b538b0dad58852641540686d0e14,SP,0.5000,4
3c010235b7345c92f125d14ee232a76b,PR,1.0000,15
6d803cb79cc31c41c4c789a75933b3c7,SP,0.9310,58
8b321bb669392f5163d04c59e235e066,SP,0.8957,930
76d64c4aca3a7baf218bf93ef7fa768d,PR,0.9688,64
ec80e49e69745ab6c14f984bf2149423,SP,0.8333,12
004c9cd9d87a3c30c522c48c4fc07416,SP,0.9167,156
3bdff180c7e1f6551a643b99c265a120,SP,0.9464,56
aced59e9b31ef866a94f9e7f29d8d418,SP,0.9180,61
c731d18cea9bf687ffee82a241c25b11,SC,1.0000,24
c42fd8e4d47dfb18ce5222f2dd7752f9,SP,0.7143,7
671585f5a2af58b6e276bc01003c0d2b,PR,1.0000,27
5bffbafbb22daf6d3bfc216a46db8708,RJ,1.0000,21
aba1721a889e04decc910aa13b768ef4,SP,0.8916,83
cab85505710c7cb9b720bceb52b01cee,SP,0.9751,201
1fdc574883ef3b33ad41562d93f3a74a,SP,0.9444,18
33cbda8716511e27e556dff9d8418bf2,SC,1.0000,5
6cd68b3ed6d59aaa9fece558ad360c0a,MG,0.9799,149
3df020b72d3d44b3af9d110fa3940b65,SP,0.8727,55
537eb890efff034a88679788b647c564,RJ,0.9430,158
4be2e7f96b4fd749d52dff41f80e39dd,AC,,0
48fb026ed7455a42f5d3e9390ed5088e,RJ,1.0000,9
0d33a55da925bbf1ff02af5f6059fc7f,SP,0.9545,22
cea729054f157f5870bdd321a958d994,SP,0.9583,24
955fee9216a65b617aa5c0531780ce60,SP,0.9223,1261
751bdc4d83a466c7206cd42e8f426b03,SP,0.9804,51
2f4b0d3b9634b647d4edee577d7ebb7e,SP,1.0000,10
ba5daa4041e1f15cdf34b76e3e18a450,SP,1.0000,15
71592660bbcb6a4664e97b6f8b68babc,SP,1.0000,6
5a93f3ab0ef4c84ed5e1b5dbf23978bc,SP,0.9737,38
5f57db27027655e6c6a391601daa0258,ES,1.0000,1
d3f39f05462b79a4562d35893a28f159,SP,0.8788,33
0176f73cc1195f367f7b32db1e5b3aa8,SP,0.8919,37
01cf7e3d21494c41fb86034f2e714fa1,PR,0.9492,59
ceaec5548eefc6e23e6607c5435102e7,SP,0.9394,198
e9bc59e7b60fc3063eb2290deda4cced,PR,0.8900,209
6f229cc508fc6915ed5c499efd93baa4,RJ,0.8462,13
b0b346d3a89f5eb4c2968af3f083cd43,SP,0.5556,9
3dfd3dc96f7f8598eca74e9ac8a2fa31,SP,0.8333,6
fa1a9dec3a9940c072684a46728bf1fc,SC,1.0000,55
6ddc28b61be28373b4503a1f61cf98a9,SP,0.9091,11
5670f4db5b62c43d542e1b2d56b0cf7c,SP,0.9545,22
cb8bcce248bb1fb274ba762d8b971456,MG,0.9848,66
610f72e407cdd7caaa2f8167b0163fd8,SP,0.8750,16
b6d44737c043328708f6749c2dbe50bd,SP,0.9344,61
972d0f9cf61b499a4812cf0bfa3ad3c4,SC,0.8889,81
cfb1a033743668a192316f3c6d1d2671,SP,0.8811,143
f25e239052084705e17a982bc600ab2a,SP,1.0000,8
714b9a1332840f257b49f476bea4e341,SP,0.6667,6
bd15ee794d5e640d9dd71b665b2ab15b,SP,0.8333,12
d1ef48b38baca7e831711c4a0aeb398f,PR,0.8929,28
f18112da765e0971ca5d510dec322bdd,SC,1.0000,2
259f7b5e6e482c230e5bfaa670b6bb8f,SP,0.9779,136
f457c46070d02cadd8a68551231220dd,PR,0.9385,195
1f50f920176fa81dab994f9023523100,SP,0.8942,1399
2b1a40c1daabc6ca280c4b815c101841,MG,0.9545,22
2ba91c7ad80ff88b23b7db823b43c233,SP,0.6667,6
f7ba60f8c3f99e7ee4042fdef03b70c4,SP,0.8440,218
5bc24d989e71e93c33e50a7782431b0e,MG,1.0000,17
45c20d94d9171b0bcfab3c955e47d67b,SP,1.0000,4
6a38087bc8ad4f89ff453561005f6dea,GO,1.0000,15
f84a00e60c73a49e7e851c9bdca3a5bb,RJ,0.8864,88
e5a38146df062edaf55c38afa99e42dc,SP,0.9083,120
4de6e4ba574aa9dfdc824bc44dc47fdd,PR,0.9286,14
f45122a9ab94eb4f3f8953578bc0c560,SP,0.9239,184
6481e96574816ead57975da2c0f6d80d,SP,0.9688,32
b6dc74ed30f124f95227bed4e43a3bed,PR,0.8889,9
48436dade18ac8b2bce089ec2a041202,SP,0.9254,134
8ed8ea9a57c862f2c18c2fe41f601d56,SC,1.0000,19
ee27a8f15b1dded4d213a468ba4eb391,GO,1.0000,1
1554a68530182680ad5c8b042c3ab563,MG,0.9309,246
fc38b5dceee1a730fad8853453437fbd,SP,1.0000,5
152ee17e4c8aaf53dac99f3462e4999b,SC,1.0000,6
fac35d150712afb921ec59ac5f39bb11,MG,1.0000,5
04aa0a1c5ce6b222003403a3e11c3cc0,SP,0.8182,11
ede0c03645598cdfc63ca8237acbe73d,SP,0.6512,43
ef0ace09169ac090589d85746e3e036f,RJ,0.9141,128
918717417d88a9f9ae9735567e6c7682,SP,1.0000,4
562f8cfc51f265411f487d07e9c40e7f,MG,0.8462,13
87142160b41353c4e5fca2360caf6f92,RS,0.9443,305
289cdb325fb7e7f891c38608bf9e0962,SP,0.9817,109
11305281b50fff20ae8bb473f8e11876,MG,0.8857,35
9d681c7e12db302cb261e721040dde65,PR,1.0000,13
fa1c13f2614d7b5c4749cbc52fecda94,SP,0.8979,578
3504c0cb71d7fa48d967e0e4c94d59d9,SP,1.0000,53
fbc14c0cf93505ef89f64665ffa4a7b5,SP,0.9444,18
e644cbadf7eeb30d0d29f335ce7d52ec,SP,1.0000,7
34d1ca11b242c0fee2c834ae8d788566,MG,1.0000,40
96493fab2fbb13a14d0c0e8772eef5c3,SP,0.9365,63
7c1fea10b5b006671d608b1d7c446ec4,SP,0.9286,14
b6e1504972665f739dec4facb9943775,SP,0.9286,14
f76a3b1349b6df1ee875d1f3fa4340f0,SP,0.6250,24
99eaacc9e6046db1c82b163c5f84869f,SP,0.8889,63
d98eec89afa3380e14463da2aabaea72,RS,0.9762,168
23613d49c3ac2bd302259e55c06c050c,SP,0.8551,69
0bf0150d5b9d60d9cd2906003332f085,SP,0.7949,39
7ecef8194babfec876ca720714327841,SP,0.8571,7
30829ded4523ab9224b93bc49a62c95f,RS,0.9444,18
d354c38a7182125a748cb10474fe963b,RJ,0.9412,17
c3cfdc648177fdbbbb35635a37472c53,PR,0.9748,278
1ce3ae5a399804d1a87e706f8a813c3e,SC,0.9000,40
2138ccb85b11a4ec1e37afbd1c8eda1f,SP,0.9459,388
f46490624488d3ff7ce78613913a7711,SP,0.8750,80
ad420dd0c4f92f8af951ac24b86d0cf5,MG,0.9286,42
e8b4225284fbb02d16f200513f1f395d,SP,0.9000,30
f61c63d13f7cd800549d5acdd390ae72,SP,0.9231,26
054694fa03fe82cec4b7551487331d74,SP,0.7000,20
c8b0e2b0a7095e5d8219575d5e7e1181,SP,0.9286,84
38102b031c2a15e54623d711bfc753d3,CE,1.0000,8
391fc6631aebcf3004804e51b40bcf1e,SP,0.8964,521
33cbbec1e7e1044aaf11d152172c776f,RS,1.0000,15
8a2d12a90e92f012ce5226fc6592b653,PR,1.0000,18
e59aa562b9f8076dd550fcddf0e73491,PR,0.8986,69
e9779976487b77c6d4ac45f75ec7afe9,SP,0.9271,645
73a63f72308aa20a46f4b1632018f196,PR,1.0000,27
f62d7bb4a613ec758a03342d46b580b2,MG,0.8750,32
db4350fd57ae30082dec7acbaacc17f9,SP,0.9632,136
4324dd16853115efb0fd9d0d131ba6f4,SP,0.9167,12
55a5b51f93f2b70ea513f5a047b0262a,MG,0.9231,39
8a432f4e5b471f8da497d7dc517666e2,SP,0.9474,95
bfd27a966d91cfaafdb25d076585f0da,SP,0.9474,114
6b15924333bd1a741595fe981ea04822,SP,0.9048,21
04e38a233f726ef161074ab1c9b0399a,SP,0.8421,19
7ade73f1b9b4e965f9009a4c3a7e2c15,SP,1.0000,26
a369d693961cb93b61ca2cc518872a85,SP,1.0000,11
1690cada046eb7e92c12f98b1f8a8167,SP,0.9000,10
385799a1cddbd26dfeb9157356a42282,SP,1.0000,4
42b729f859728f5079499127a9c2ef37,SP,0.9223,103
556a6409838156ea299c9d1f9e2dde43,PR,1.0000,4
179d859f51292aac5c10806a356f7af9,SP,0.8333,18
47efca563408aae19bb7206c2d969ea9,PI,1.0000,11
9c0e69c7bf2619675bbadf47b43f655a,SP,0.8940,151
3586b8580d9c917874e053a1bb37b5ff,SP,0.9722,36
6edacfd9f9074789dad6d62ba7950b9c,SP,0.9415,205
334cab711dee080b079fa5779b584783,SP,1.0000,11
8d956fec2e4337affcb520f56fd8cbfd,SP,0.8952,210
e5a3438891c0bfdb9394643f95273d8e,SP,0.8148,216
138dbe45fc62f1e244378131a6801526,SP,0.9592,49
5058e8c1e82653974541e83690655b4a,SP,0.8710,62
9674754b5a0cb32b638cec001178f799,SP,0.9643,84
23ff42c4bf1f8f16cddb19d8b972974a,MG,1.0000,2
49067458c68f7701fd334ce326accbe0,MG,0.9412,17
dfa0c4c6229ab200a4a1336b4d7128ff,SC,0.9610,77
6c7d50c24b3ccd2fd83b44d8bb34e073,SP,0.9821,112
5cbbd5a299cab112b7bf23862255e43e,PR,1.0000,36
ca3bd7cd9f149df75950150d010fe4a2,SP,0.9559,68
323ce52b5b81df2cd804b017b7f09aa7,SP,0.8276,29
76ea5315acb3f5f7ade3cd261faf922a,SP,0.9333,15
70125af26c2d6d4ef401a1d02ae7701f,GO,0.6000,5
c84592044b180dec206770c38603814b,SP,1.0000,14
ba90964cff9b9e0e6f32b23b82465f7b,SP,0.9474,38
20d83f3ef0e6925fd74bfd59170babf7,SP,0.9500,40
23a0ffca143a15b9b5bbdb7d552f626a,SP,0.8696,23
32b8764b4ef628b53608fc34011fcc13,SC,0.9167,36
0432ead42b6c8a0bdf68154add917fdf,SP,0.9634,82
2a261b5b644fa05f4f2700eb93544f2c,SP,0.8039,51
f680f85bee2d253556ac91be391d2c82,SP,0.9778,45
3785b653b1b82de85ab47dd139938091,PR,1.0000,21
d379f449f2a3b271bc01c0782020f705,MG,0.9643,28
7ea5bfa6c340f58f8e71fc1f0412b0d6,MG,0.9271,96
1a3df491d1c4f1589fc2b934ada68bf2,SC,0.9437,160
e81e1f9c3e762e620f3fb60a51499e16,SC,0.9412,17
6560211a19b47992c3666cc44a7e94c0,SP,0.9357,1819
596849622429351f47b32e6cae1055ff,SP,1.0000,13
718539d38d07dd351c76db862760e2e2,SP,1.0000,35
b76f4d90e85657a240495c876313adc5,SP,1.0000,1
0b90b6df587eb83608a64ea8b390cf07,PR,0.9632,163
3bb32fedaa74e4ad20f4ce067733bd31,SC,1.0000,2
ae8bfdbf1c2a2a2dee92d799db0a31c6,PR,1.0000,8
679769a98cfcc6da877c8486ff1c13f3,MG,1.0000,21
febab0275244b9a49a623f0bd613ca2f,SP,0.9528,106
f3da5b2ff499efb8d4a6d371d175d7dd,SP,0.8571,77
1acde099eb406aa220b1169b188b42da,SP,1.0000,9
45213867cefbf2cd4c6177e10216a951,SP,0.8571,14
a420f60ff1aa9acc80d0e42959f2b313,SP,0.9104,67
ad97a199236354e53fcd91a5a913e9a2,SC,0.8750,16
c3acdfac4e3e97ff87529454fbc03642,SP,0.9167,12
fde0cc9ea29c8ccfc0a2c22256a58c71,PR,0.9714,35
e63e8bfa530fb16910dd6956e592bb81,SP,0.9512,41
5343d0649eca2a983820bfe93fc4d17e,SP,0.9000,70
e4ebd3f87bf70440014f07ddda7fbe03,SP,0.8571,7
33a17d60c64393351ebf1ef860f4e0f2,RS,0.9767,43
640e21a7d01df7614a3b4923e990d40c,SP,0.9304,115
d57e18d5f73c7ccb7f7339b61166898d,SP,0.9672,61
dd2bdf855a9172734fbc3744021ae9b9,MG,0.9429,105
55c26bcb609f480eb7868594245febb5,SP,1.0000,6
715bbd5ba4e6b74cb0d2f29eb45058b0,SP,0.9194,62
bb7a14e229b1c95156719c3d9552eeee,RJ,0.9000,10
edc518ba25576a0188a0e8f2c3af186f,SP,1.0000,6
4c18691b6037662be2df78a765d98ab5,SP,0.9206,63
95f83f51203c626648c875dd41874c7f,MG,0.9400,50
6b243f80ed07b10f0e8aa0f21a205f3c,PR,0.9620,79
2089a6d640999f9b9141ac719b2af596,SP,0.8537,41
698f5fa55a5f73d0740e9d9a773e8093,RJ,1.0000,4
3969863bb8af7f72580b3b1ffd3a17b3,SP,1.0000,12
2a5b78b41cd05baeac8df54c6606b92c,MG,0.9783,46
08f5819815f3d06545011850bd70f0a8,SP,1.0000,3
b32be1695eb7ec5f10f72d9610a12527,RS,0.9545,44
b94cc9f10ddc85e4ba73a6f7974e7101,RJ,0.9231,39
53243585a1d6dc2643021fd1853d8905,BA,0.9569,348
6df688df543f90e9b38f4319e75a9d88,MG,1.0000,39
7b1222c3624aa89b9558b50a2594188c,SP,0.8636,22
570d4583587a5fe2d47c7be89b91ad27,SP,1.0000,2
b33aaadd1a8891d2dfef0c4c3bdf0371,SP,0.8750,16
5d9dc90a686a8fddacffab6bab5653a3,SP,0.9167,12
dee656f0f566ed1aa85bd137c943f08f,SP,0.9457,92
d673a59aac7a70d8b01e6902bf090a11,SP,0.8987,79
966cb4760537b1404caedd472cc610a5,SP,0.9701,67
d4a5e99e0dd915df64ba55a7fbd583fd,SP,1.0000,2
2c2c9832d1bb38c5b0034a3b47d313ee,RS,1.0000,1
f3b80352b986ab4d1057a4b724be19d0,DF,1.0000,86
9aa388272ee334b6ae07bc73706e254a,MG,1.0000,6
2b03ac196f5ed62ac483960fe0fa3b65,SP,0.8571,7
ed4311e67debd72b8610a5347a743087,SP,0.9200,25
f52c2422904463fdd7741f99045fecb6,SP,0.9167,12
1354d51653f645349064725ed204e85e,SP,0.9444,18
5b664594895aefb418afaee6d40a9a23,RJ,1.0000,16
ec4608a1f76453166bb312b2968aeaf4,SP,0.7647,17
cd68562d3f44870c08922d380acae552,SP,0.8197,122
082e0bf4cb865a6533b1e8e498cc0255,SP,0.8182,11
28405831a29823802aa22c084cfd0649,SP,1.0000,6
b1b3948701c5c72445495bd161b83a4c,SP,0.3571,14
723cd880edaacdb998898b67c8f9da30,SP,0.9091,11
00ee68308b45bc5e2660cd833c3f81cc,SP,0.9111,135
701938c450705b8ae65fc923b70f35c7,SP,0.9324,74
f5f1f2c5f923f36ad79ea1d07185ddc9,SP,0.9000,10
cf8ab1616079e2793aa29d524df01bb1,SP,0.8333,6
59b22a78efb79a4797979612b885db36,MG,0.8720,125
ea8482cd71df3c1969d7b9473ff13abc,SP,0.8958,1132
5b925e1d006e9476d738aa200751b73b,SP,0.9365,63
06bb3a2fe5e7b7a845b13e8fb91bd944,MG,1.0000,17
fe2032dab1a61af8794248c8196565c9,SP,0.9113,293
3092c0b297aacfb4bb6e056ebe13b9b8,SP,1.0000,16
cd6efc47efaabf134f8bdb654e10b4f1,RJ,0.9032,31
4e17c65a516f69d023a2ae78b84f28d6,SP,0.9344,61
a8739afb32aaa45e01815ca76f76f54b,SP,0.9231,13
e3d3b3efac954a60d61be70b7e05b49b,SP,1.0000,3
d558ebe531605a1285ab2b1bc3256dfb,MG,1.0000,3
33ac3e28642ab8bda860a2f693000e78,SP,1.0000,34
18a349e75d307f4b4cc646a691ed4216,SP,0.9358,109
a72c2f59332659e361d647515c698798,RS,1.0000,5
b55638ad525e906c698fa2ce742c1742,SC,0.8182,11
be9a160a9011f627c3e121d076c1ec7b,SC,1.0000,5
ed859002ad59dbf8cf3602696a6c3000,PR,1.0000,6
12b9676b00f60f3b700e83af21824c0e,RS,0.9850,133
a080fc8a850289b27500f6b49cca2553,SP,1.0000,4
8fdca8e349553f99bc738833a62c8802,SP,0.9545,22
4ebdc7e6cd6102a022dadc49156d4ea8,SP,0.9655,29
612170e34b97004b3ba37eae81836b4c,RS,0.9813,107
2a84855fd20af891be03bc5924d2b453,MG,0.9677,155
439a47cc365d6e3bd526812ea9de3c29,SP,0.8750,8
4b9750c8ad28220fe6702d4ecb7c898f,SP,0.9217,217
5a05a16bb50629ee31afab8a6d4c2674,RS,0.9286,14
8cbac7e12637ed9cffa18c7875207478,SC,0.9394,66
fdb9095204a334cd8872252ffec6f2db,SP,0.9348,46
aae3bfea055532c57fb453ed3ec80b30,SP,1.0000,48
9bcdfa7b615b3abb9461d9e3ad9886ae,SC,0.9286,14
2dee2ce60de9709b1a24083217181a1f,MT,0.9815,54
f84fa566034f5e8e880a07ec624c56af,SP,0.8652,89
9f50216bfd01913736a55a11b55ea842,SP,0.8235,17
2d518637f53161b973e01f56ea4bb88e,SP,1.0000,13
aafe36600ce604f205b86b5084d3d767,SC,0.9535,129
a7d0f8dd44f57ef6de7f7f02e3d82630,SP,1.0000,2
5b07547f10dd980738a1a27f685af669,SP,0.8462,13
5882820ef11c4c068eea0677a7a879b4,RS,0.9286,14
7357b52d27cbaa90f81a96cbc1279396,MG,0.9167,12
398cb257329ef7af7f1943a8974a3cbc,BA,1.0000,1
c4af86330efa7a2620772227d2d670c9,SP,1.0000,4
a888faf2d1baececa6baf9c3d603ee1f,PR,0.8491,53
681fce914360217db47784ae28905a96,PR,0.8696,23
2f9b7ce230a057a98a9f5df5893ee36c,SP,1.0000,2
41b39e28db005d9731d9d485a83b4c38,SP,0.9358,187
609e1a9a6c2539919b8205cf7c4e6ff0,SC,0.9770,87
3d4b1ae7539303b5704493798893e82c,SP,1.0000,6
65a7c0788e4d632ccb5e1b594b87f0bb,SP,1.0000,3
001cca7ae9ae17fb1caed9dfb1094831,ES,0.9333,195
2eb70248d66e0e3ef83659f71b244378,SP,0.8610,187
6061155addc1e54b4cfb51c1c2a32ad8,SP,0.9643,28
c6bda72e4dbf5c5866b13cb1810c6d03,SP,0.9661,59
3985a3c45be355a4c57fde108bfabd1c,RS,1.0000,7
cd06602b43d8800bd0afad514919d35c,SP,0.9535,43
f44b6f775a2b390380e0e30b5c9d3eee,SP,1.0000,10
e882b2a25a10b9c057cc49695f222c19,RJ,1.0000,57
28c7d8743fbc8679f484868cc0fcaefb,SP,1.0000,3
9baf5cb77970f539089d09a38bcec5c3,SP,1.0000,31
f4a04f7be452aa3bb31760bf00055dd0,SP,0.9444,18
dbc22125167c298ef99da25668e1011f,MG,0.9746,394
bc302730ea8cf49b5c74f579febb5bbf,SP,0.9091,11
951e8cef368f09bb3f3d03c00ca4702c,SP,0.9194,62
d91fb3b7d041e83b64a00a3edfb37e4f,SP,0.9370,524
3d5d0dc7073a299e31fa718ce1bc00b6,RJ,0.9048,21
688756f717c462a206ad854c5027a64a,SP,0.9136,81
9b00ed88b7fdb95d6ff76e27c1b52d16,SP,0.9348,46
4be6b962d83299498bae2190f95d6566,SP,0.9091,11
c864036feaab8c1659f65ea4faebe1da,PR,0.9655,58
79565f7d5603b24ddf07ade262547f2f,SP,0.7143,7
ba143b05f0110f0dc71ad71b4466ce92,SP,0.8434,83
bca9230d3bbb4efa51872bf605a2f1ad,SP,0.8000,5
8b2d4ab22f42c5cfc338b846decfda60,PR,1.0000,6
d9bd94811c3338dceb4181f3dbc0c73e,SP,0.8889,54
e70053bf73d1b5863932e53a9fa47496,SP,1.0000,7
dbd66278cbfe1aa1000f90a217ca4695,SP,0.9412,85
e7d5b006eb624f13074497221eb37807,SP,0.9286,28
04fdea0c111866e6cf812f1570d6b5bd,SP,0.8750,8
7c67e1448b00f6e969d365cea6b010ab,SP,0.8993,973
66dc1b1632bd6a3e508510c5b3492107,SP,0.9722,36
939e6227d6964a11a70aa91243e418f2,MG,1.0000,4
91f0eec23d4a61d7d7caeefa3f0ad1ca,SC,0.7273,11
b335c59ab742f751a85db9c411a86739,MG,0.9667,30
c24173065483e421f9e5e7f599de101d,SP,0.8889,9
01fdefa7697d26ad920e9e0346d4bd1b,PR,0.9375,128
43f8c9950d11ecd03a0304a49e010da6,SP,0.9268,41
257e61d3251fb5efb9daadddbc2cf7ca,PR,1.0000,12
c26a2be5b53b7db6b276280da212a779,RJ,1.0000,13
eeb6de78f79159600292e314a77cbd18,SC,0.9634,82
a2a41aedb70551d4a85aa04dc2fced48,SP,1.0000,2
25e6ffe976bd75618accfe16cefcbd0d,SP,0.9434,106
9dda5bbacd45e18d6485fee649205d09,MG,0.8947,19
1d8dbc4f32378d715c717c1c1fc57bae,PR,0.9011,91
fc906263ca5083d09dce42fe02247800,MG,1.0000,112
1d2732ef8321502ee8488e8bed1ab8cd,RJ,0.7500,4
ce69a8021d18961dd2a40269b7c2c293,PR,0.8947,19
9596c870880d900012f2e8e6e30d06d7,MG,0.9524,21
1da366cade6d8276e7d8beea7af5d4bf,MG,0.8810,42
a3082f442524a1be452e3189e003b361,SP,1.0000,3
a56a8043ebf66e42119618fb8cf232c6,SC,1.0000,1
e96498ed8daaa3e9c23f7a62da76591c,SP,0.8529,34
ad781527c93d00d89a11eecd9dcad7c1,SP,0.6842,38
b5e3e38609125694d2ea2417522a60b7,SC,0.7500,16
bacb1f0ed56ad24198f5810d2b3fe9a5,SP,0.9737,38
980640c45d7a4635885491d077167e4d,SP,0.9286,14
2156f2671501a81034d7d07f217609d0,SP,0.8571,21
128639473a139ac0f3e5f5ade55873a5,PR,0.9374,527
7a241947449cc45dbfda4f9d0798d9d0,MG,0.9286,56
7e1fb0a3ebfb01ffb3a7dae98bf3238d,SP,0.8710,155
376a891762bbdecbc02b4b6adec3fdda,GO,0.9649,57
1dfe5347016252a7884b694d4f10f5c4,SP,0.7500,20
528bcf6680c36dddf07620bd35b33a6f,SP,0.5000,2
25c5c91f63607446a97b143d2d535d31,MG,0.9295,156
f205b1a3ca9a34e0f8a228bae6e4c7b3,RS,1.0000,8
d2374cbcbb3ca4ab1086534108cc3ab7,SP,0.9416,514
1eade46fba20122dc4aefb379f8c636b,SP,0.8621,58
40d54b51e962dbe09cabbcfd33298dee,SP,1.0000,30
70c27847eca8195c983ed7e798c56743,RJ,0.9091,77
37ceb404da208418c9032f0674e57804,SP,,0
05d2173d43ea568aa0540eba70d2ca76,MG,0.9355,62
b839e41795b7f3ad94cc2014a52f6796,SP,0.9697,33
48efc9d94a9834137efd9ea76b065a38,PR,1.0000,33
37dd29b36c458d82f74a953c40c43645,SP,0.8571,7
0dd184061fb0eaa7ca37932c68ab91c5,SP,0.8820,161
60562ab00b8054280520d390c8c0045c,SP,1.0000,17
57df9869a600bd6b7c405f2a862eccfb,MG,1.0000,5
777a0c55737f34ffeb78010f7542ab41,SP,1.0000,6
c3867b4666c7d76867627c2f7fb22e21,SP,0.8816,228
0bae85eb84b9fb3bd773911e89288d54,SP,0.9926,136
dbdd0ec73a4817971d962698f2fea022,CE,0.9375,16
058fd0aa2bfdb2274e05e1ae971dabb6,SP,0.9333,60
08633c14ef2db992c11f840f04fad4cd,SP,0.9324,74
f419677537694f0462a91990df6ca44f,SP,0.8333,6
5b8154610ebb21fb90eb587365e673df,SP,0.8919,37
bb2afe2061d53c6968aa0cffa233a8ec,SP,1.0000,5
fb89df7f89fd1b8f03fa2acca1ba7364,PR,0.9091,22
17ca9b9e9b9ef8fdb529001b49ebb50f,MG,0.9739,115
9add47bf45ce8e8c7db6b9cf670b1e09,PR,0.9756,41
acce39e832338debb07b02385cde5967,MG,1.0000,44
f262cbc1c910c83959f849465454ddd3,SP,0.9048,189
c113b8df1fc375bc3d73d29c1b1144d1,SP,1.0000,3
720e6cf846ea7572cbb66b743fb91e6c,SP,1.0000,1
8f580d36c1e9d6fbce95283403c7d447,SP,0.8750,8
432c37c9dfba871172ec162e20118b8c,DF,0.9091,44
888faa8bfb0b159c37de6d898b961c31,SC,1.0000,19
d8c7ba53e7e38711eaef8c2849d6d2e1,PR,1.0000,22
65febd49fd28ec955651299159b1f527,SP,0.9394,33
9a84ba99f5367fdbd4598363496f1ea2,GO,1.0000,15
4ba52dfeba874da5b9ee7b17c7494f04,SP,0.9091,11
06e5eefc71ec47ae763c5c6f8db7064f,RS,0.9778,90
28ea411b354f14b1a494be4e79f0ce02,SP,0.8333,6
2a6fbeaa7ab9e5d59a35841a8da71ce4,SC,0.9333,30
2d22fc3089eb907b29ebff50581fb472,RJ,1.0000,3
ff1fb4c404b2efe68b03350a8dc24122,SP,0.8478,46
817f85dbb65aa3e70831d90fe75cdf89,SP,1.0000,11
6860153b69cc696d5dcfe1cdaaafcf62,SP,0.9054,74
903037660cf848a717166eb7a06d616e,SP,0.8636,44
bf3c6d2a28b2b5501e6c15448982dcc9,SP,0.9714,35
e99e927c81e3f51739c94fcdfca9f10f,MG,0.8095,21
49cdc90518a4f82676b38b3c1aa43ff6,SP,1.0000,5
066a6914e1ebf3ea95a216c73a986b91,PR,0.9697,66
6d66611d7c44cc30ce351abc49a68421,SP,0.9390,164
3d8fa2f5b647373c8620330c4e077a9f,SP,0.9762,42
76d5af76d0271110f9af36c92573f765,SP,0.9062,128
729f06993dac8e860d4f02d7088ca48a,SP,0.8830,94
b19f3ca2ea475913750f25a5c37c8d8f,MG,0.6842,19
6179a28a13a726c29b3bf54c070dccab,MG,1.0000,1
cc419e0650a3c5ba77189a1882b7556a,SP,0.9388,1651
0df3984f9dfb3d49ac6366acbd3bbb85,MG,0.9884,86
7008613ea464bad5cb9b83456e1e6a8f,SC,0.9512,123
7f152321c60a266edc53af1925ef96c1,SC,0.7000,20
52ac6f920b7280e4c6d30dd94de6259b,PR,1.0000,6
9e94fa26a70ede4d26226e918e8706a2,SP,1.0000,1
994f04b3718c2bab35c2adfa8afecd2a,SP,0.9149,47
3f3486b61f45078d4f31ee5e43d8c5bb,SP,0.8462,39
6b3bd31ad8fcda4b2635ec9f3ff2ecdf,RJ,0.9143,35
977f9f63dd360c2a32ece2f93ad6d306,SP,0.8696,23
2c43fb513632d29b3b58df74816f1b06,MG,1.0000,3
d9442042130b7fe579d1295f9f4a248f,SP,0.9474,19
ce248b21cb2adc36282ede306b7660e5,SC,0.8906,64
5b0cc932433fa5184b5b94bfe6bcc256,SP,0.7500,12
7ff588a03c2aeae4fbd23f9ae64b760d,SP,1.0000,14
08cdbae123ff67ca4e36d9d641ce0119,MG,0.5000,4
7ad32824caee82087b3e2e5f33b1bf32,SP,0.8571,147
de722cd6dad950a92b7d4f82673f8833,PE,0.9555,337
5c3460cd3e8a984382ae254e7dd20d9f,SP,1.0000,9
45ba18c210d42734ec52c0c1c574e9ee,SP,0.9429,35
dc317f341ab0e22f39acbd9dbf9b4a1f,RS,0.9455,55
d93844a9c55ba7ce353388bcf849ea56,PR,0.9167,12
54c04bdb5ec46762f8f08c7e8f86ed4a,SC,0.8889,18
52562a9f449c3dc3d53f5f5b9ed74903,RN,1.0000,14
968268a686aa05d1f529fb07dff08130,SP,1.0000,12
54965bbe3e4f07ae045b90b0b8541f52,PR,0.6986,73
6039e27294dc75811c0d8a39069f52c0,SP,0.7778,63
b45d7ebfb7378630f1bcd74b6ff86ff7,MG,1.0000,3
bc07d855eac23aab5ac8a120f21d16b2,SP,0.8182,11
3492e68f37fd1df87f4f2f2ea247f445,SP,0.8750,8
93bef6edaa84956e8e575016449b6351,SP,1.0000,1
c68fb906c8f4b4b946d8386bfa6e5467,SP,0.9778,45
53d00c40e32aeb924a84ce72b1af869d,SP,0.7647,17
93dc87703c046b603023e75222018b45,MG,0.9091,33
10076e5788b8ee532724bcd460baf762,SP,0.9565,23
4dc646b9b9e8e411ef48ba000ea3ac6f,SP,0.7500,4
340636a908b13bbe0f4fb63fbe1d0c03,SP,1.0000,3
01c97ebb5cdac52891c0ed1c37ba0012,SP,1.0000,9
f0b47fbbc6dee9aafe415a6e33051b3f,SP,0.8955,67
3dbbce181edfaa4a597ec858c382d2ec,PR,0.8824,17
1127b7f2594683f2510f1c2c834a486b,SP,0.9727,110
2c9e548be18521d1c43cde1c582c6de8,SP,0.8387,124
bc47d5d1490df2b36add65d733eafaba,SP,0.9048,21
fec6275253471ace26d209bbaa64cd0f,RJ,1.0000,9
c31eff8334d6b3047ed34bebd4d62c36,SP,0.8583,120
c87abc38c8ed3240861729e1aeadf221,SP,1.0000,1
822166ed1e47908f7cfb49946d03c726,RJ,0.9855,69
2e3be8a987a30d7544dbbda6861cc14e,MG,0.9286,14
f1b93673502375d491780bb49d615dbc,SP,0.7500,8
b2ba3715d723d245138f291a6fe42594,SP,0.9105,324
b410bdd36d5db7a65dcd42b7ead933b8,GO,0.9762,42
31344c16881c08a8a72c6d2eb29918c1,MG,0.9524,42
4e42581f08e8cfc7c090f930bac4552a,SP,0.0000,1
0aea4c6ae1505b3228ddf3dd7822ee5b,SP,0.7500,8
fcb5ace8bcc92f75707dc0f01a27d269,SP,0.9661,59
7681ef142fd2c19048da7430856b5588,SP,0.8621,58
7ddcbb64b5bc1ef36ca8c151f6ec77df,SP,0.9138,325
bd0389da23d89b726abf911cccc54596,DF,0.9195,87
af3ef48d0e13835e529c29ac573c63e5,SP,0.9524,21
855668e0971d4dfd7bef1b6a4133b41b,SP,0.8600,300
77e4abfd739aed9c46480f90f81c0eb4,DF,1.0000,18
1c68394e931a64f90ea236c5ea590300,PR,0.9648,142
95b293867b5862941c9cd74f756a3c68,SP,0.5556,9
e62b2d6ac10570a035a30bafcf01d263,SP,0.8710,62
7a425d299613df3e613bcf9d2eaf5c49,RJ,0.9444,18
77530e9772f57a62c906e1c21538ab82,PR,0.8846,312
edf96ef93ed595084bbcbd9224bd2894,SP,0.8800,25
6a8b085f816a1f75f92dbac6eb545f8f,SP,0.9040,125
f3295428338a40977a03f555246a70f4,ES,0.7143,7
062ce95fa2ad4dfaedfc79260130565f,RS,0.9630,54
582d4f8675b945722eda7c0cb61ba4c7,SP,0.9831,59
09bad886111255c5b5030314fc7f1a4a,SP,1.0000,5
94144541854e298c2d976cb893b81343,RS,0.9559,68
bf84056e679dbe9c69929847a40e338f,SP,0.9143,35
21c62b998a043ebe31161d38f84929fc,CE,1.0000,4
1c129092bf23f28a5930387c980c0dfc,SP,0.9450,200
26d6bbee02420494d471c9f6436929c0,PR,1.0000,12
602044f2c16190c2c6e45eb35c2e21cb,SP,0.8125,48
b347677812ea483b0f528eaf8cbc09b7,PR,1.0000,21
d94ba08b99bedd6a5f6c875ecc4a6fac,PR,1.0000,8
b499c00f28f4b7069ff6550af8c1348a,SP,0.8707,147
7a2d2949aea47fab95fd98d6c9f618b1,PR,1.0000,11
624f4ece8da4aafb77699233d480f8ef,SP,0.9231,52
95e03ca3d4146e4011985981aeb959b9,RJ,0.9651,172
1771297ac436903d1dd6b0e9279aa505,SP,0.9643,28
1d503743d2526f03f0c2c89540ee008c,SP,0.9167,12
df560393f3a51e74553ab94004ba5c87,PR,0.9231,26
834f3294fba9f932f56edc879193f925,SP,0.9394,66
6c177e38df6d3f34182b1f1d427231bf,PR,0.9623,53
381c83fdca332ea6afd896da20bf6e4a,PR,0.9565,46
6fd52c528dcb38be2eea044946b811f8,SP,0.8657,67
f7720c4fa8e3aba4546301ab80ea1f1b,PR,0.9492,59
4c2b230173bb36f9b240f2b8ac11786e,SP,0.8992,258
ac6417315ae5da8f9a38ee11de6f7780,SP,0.8571,7
02f623a8eb246f3c5f7c2f96462654e6,SP,0.9091,44
29fe9f200d3fa0c668d2aa1ec7e08dfb,SC,1.0000,5
4e06067cc08b3f41d837768d392c3ee3,MG,0.9677,31
ec933281fb017b5020d06df29c3f77e8,SP,1.0000,8
49e7217cfe4e427191c378ec626d8737,MG,1.0000,12
3a734b715d333a2588a3d54a0c9b8746,SP,0.9333,15
392e0502231ae2f8b29994ef6398cd77,SP,0.8824,17
5d0363b33554b373851fc1622e4d5f3c,SP,0.9140,93
fa3a0b5aabb344b9a92e3524b0202123,SP,0.8571,7
17a053fcb14bd219540cbde0df490be0,SP,0.9194,124
41b14765bd56c8ad10971074380f9c0c,SP,1.0000,8
7f2617c58d5d06806987308b45654351,SP,0.9091,22
f00e21b1e91a79653163b7fd8f293ff1,SP,0.9677,31
3f9c56764fabca627406093dcb3ef0b4,RJ,1.0000,7
4e922959ae960d389249c378d1c939f5,SP,0.8932,412
ca4b77513ac2040591b0d8fae6958380,SP,0.7857,14
94e93ce877be27a515118dbfd2c2be41,SP,1.0000,29
8581055ce74af1daba164fdbd55a40de,SP,0.8997,379
0951a6e282947e09cd47969f4ed0b47f,SP,1.0000,7
52f0fe436a347ddad7ed5f9aa4e27eaa,SP,0.8421,19
c33847515fa6305ce6feb1e818569f13,SC,0.9561,114
b05b432bf68945d4d9783f9e3ca29ee8,SP,1.0000,2
2a7dc43cecabf23403078e2188437d1d,SP,0.9231,52
7b7ed56ae755e2880f2b69632e839c1e,GO,0.8000,5
ea566164622c6b439516ab18062c42cd,SP,0.7800,50
821fb029fc6e495ca4f08a35d51e53a5,SP,0.6250,24
1a932caad4f9d804097d7f8e615baed1,SP,0.8000,20
2be17df1c49978426251562096c3cc09,SC,0.9375,16
c66dccfb3f109511246da627dd5a2498,SP,0.9545,44
d921b68bf747894be13a97ae52b0f386,MG,0.9870,77
e256a62e0ac58c0edfba09966142d561,PR,1.0000,12
c8417879a15366a17c30af34c798c332,SP,0.8800,25
2528513dd95219a6013d4d05176e391a,SP,0.9500,160
921323538c9f1c4e816f2720eac02bea,SP,0.8000,15
1464afc72f696af775557a821c2e253f,RJ,0.9655,29
77a515caa36327151d1cc6c32a9f00e1,SP,0.8846,26
4b0fdb526525f9890eb145bf1534640e,SP,1.0000,18
7fc87cc3e89b3d1d5cabdca32f8485aa,SP,0.7143,14
0c7f30ae9b147eca07affbef92832a6a,PR,1.0000,5
e09887ca8c7bf8a4621ce481820414ef,SP,0.5000,2
318f287a62ab7ac10b703ac37435a231,SP,0.9020,51
acb6c2ca5c82411c1fdb88d5fd5eb95e,SP,1.0000,10
55dedd83e501d8248880557d9073cbfd,RJ,1.0000,8
834f8533b2ecb6598dd004ff3de7203a,SP,0.8537,41
730937bf88cb151eb2eb849f642fc213,SP,0.9545,22
440dd6ab244315c632130ecfb63827b1,SP,0.8681,91
45d33f715e24d15a6ccf5c17b3a23e3c,SP,0.9286,56
c33a5c3c983090c8b78a28e65052a20d,SC,1.0000,8
16090f2ca825584b5a147ab24aa30c86,SP,0.8920,398
b561927807645834b59ef0d16ba55a24,SP,0.8588,85
213b25e6f54661939f11710a6fddb871,SP,0.9145,152
78c99c6dff4eeae5be99bf635ed21e3f,SP,0.9032,31
a36ac007a4d18f865c8d32c3b2402c2d,SP,1.0000,8
6b333a05bf188ef3e1f1662a86bd9855,DF,0.9167,12
56642bcb79900e777d68e91915cb4267,SP,0.9167,48
a69aa24cec11168e7e39a3fbc727e925,SP,1.0000,3
11742f81550ac064cc9a40f67151d9ad,SP,1.0000,2
8a40ae794fa3f9892cee24bd5af0488b,PR,0.6667,6
850f4f8af5ea87287ac68de36e29107f,SP,0.9355,186
643214e62b870443ccbe55ab29a4dccf,SP,0.8769,65
ce27a3cc3c8cc1ea79d11e561e9bebb6,SP,0.9754,122
0241d4d5d36f10f80c644447315af0bd,PR,0.9412,238
8e8a7ce9f2f970dc00e2acf6f6e199f6,RJ,0.9048,63
3935fe5fe0f82787a9dcb8deb62be09d,SP,0.8750,16
9a1aea68d3efa00862ec88c0768037d0,SP,1.0000,7
18e694e0e48ed6f7aa3f24aade5fd697,SP,0.9677,31
30a81d8cf85fb2ada1b1b094c9583a95,SP,1.0000,17
e64d65bc8dbec2accda90c58de5d1246,SP,0.6667,12
67bf6941ba2f1fa1d02c375766bc3e53,PR,0.8667,15
897060da8b9a21f655304d50fd935913,SP,0.8816,304
b494891378bd8f4560abe576c52deacd,SP,0.9474,19
09f952a5f58d2285b0372551ae8f9b01,SP,0.9400,50
9616352088dcf83a7c06637f4ebf1c80,PR,1.0000,91
51702dc2a3e106c76dbff722b5bf0726,SP,1.0000,13
97512d3fc193b2d1dfcdba0f9d1f0f8a,SP,0.9167,12
f3975e8a41157005d4bcbb358678cd9b,SC,1.0000,2
ae45df84722b1d15c5f32b23a095746c,SP,1.0000,9
d197aa8fbc64087f61984deef05f6227,SP,1.0000,6
afa6714acee029b2dfdf357e5579cc03,SP,0.8750,16
520b493b57809f446cb0a233bb3e25c7,SP,0.9683,63
b83cedfb587e7911540e3f576d6917ce,SP,0.9167,24
0ef83d7d83ed97cd2a0049ac8be5f88a,PR,0.9792,48
d13e50eaa47b4cbe9eb81465865d8cfc,SP,0.7879,66
da8622b14eb17ae2831f4ac5b9dab84a,SP,0.9237,1311
5f1dc28029d2c244352a68107ec2b542,SP,0.9355,62
710e3548e02bc1d2831dfc4f1b5b14d4,PR,0.9542,131
3ab971ce71839580d2ae5b4e40fe8044,SP,0.9143,35
9d4db00d65d7760644ac0c14edb5fd86,SP,0.9588,97
1dcfa3835714681d4ba4a93bc1e0fd41,SP,1.0000,12
30a2f535bb48308f991d0b9ad4a8c4bb,SP,0.9718,71
620c87c171fb2a6dd6e8bb4dec959fc6,RJ,0.9006,724
070d165398b553f3b4b851c216b8a358,SP,0.8387,31
4c8b8048e33af2bf94f2eb547746a916,SP,0.8947,19
88460e8ebdecbfecb5f9601833981930,PR,0.8049,246
7d76b645482be4a332374e8223836592,SP,0.8837,172
d36b07fd3c5088e477a72d1fccfe29d4,SP,1.0000,1
cac4c8e7b1ca6252d8f20b2fc1a2e4af,SP,0.7703,74
cc63f0dd2acba93ffed4fe9f8e0321fa,SP,1.0000,55
dbec9a0a7efeff029d4d9dce7dc4cc95,MG,1.0000,3
01fd077212124329bac32490e8ef80d9,SP,0.9677,31
7aa538dd6e114e503a2e6154ea352253,SP,1.0000,5
1f867308a0ce13133a4e639ff4de0c02,PR,1.0000,7
06a2c3af7b3aee5d69171b0e14f0ee87,MA,0.7686,389
2e90cb1677d35cfe24eef47d441b7c87,SP,0.8661,127
adbc26658d6c7b4b6219f9d934598091,PR,0.8409,88
0ffa40d54288e4f3499b8780dd0f144f,SP,0.8485,33
d05ae8f7a5bd1d2a690a44cd079e4e27,RJ,0.9091,77
c510bc1718f0f2961eaa42a23330681a,SP,1.0000,12
c878515173c84a492ebe50d6b493230b,PR,0.7778,9
2e1c9f22be269ef4643f826c9e650a52,SP,0.9317,161
00fc707aaaad2d31347cf883cd2dfe10,PR,0.9515,103
d1c281d3ae149232351cd8c8cc885f0d,SP,0.9112,214
f80edd2c5aaa505cc4b0a3b219abf4b8,SP,0.9483,116
7a9c12e235c36247c3c81f50d6ea9cea,SP,1.0000,5
8629c241b3622ac12cd4118afdc8d394,SP,0.9231,13
3ade81dab5a172b88e1871c28ae05260,SP,0.8571,28
562fc2f2c2863ab7e79a9e4388a58a14,SP,0.9647,255
7dc8c42cc750eeafea6c85712ffee9bf,SP,0.9512,41
960945e1a9535cbc0cd6ddd35fbe7ae8,SP,1.0000,28
5a8e7d5003a1f221f9e1d6e411de7c23,SP,0.9416,137
575df70bde3f9f2b30bf8d2e9910d725,SP,0.9259,27
5d3bb11474a06bdc23fb9e89f1164ee0,SP,0.9677,31
3bb548e3cb7f70f28e3f11ee9dce0e59,PR,1.0000,46
522620dcb18a6b31cd7bdf73665113a9,PR,0.8953,172
ce7d1888639e6fb06b2749cbfdac1ff7,MG,0.9103,78
a4b6b9b992b46e9ef863637af96e04bc,SC,0.8333,6
ff1e15b778c700abdd4d239b81ac466d,PR,1.0000,7
85d9eb9ddc5d00ca9336a2219c97bb13,MG,0.9639,499
a673821011d0cec28146ea42f5ab767f,SP,0.8880,125
c8b3445d737de6befde0c88ede534a5e,SP,0.9667,30
eb5b6204dde3a6e03b5f1bb8479f055b,SP,0.9474,19
2e1a7d075abe038c1b2743005fe42ff1,SP,0.8333,18
973f21788dfab357250f69a8dcb7ddee,MG,0.4444,9
ba89796db68db180bd389de96b2ff3b6,SP,1.0000,2
79ee721b6f766066a80264402548d359,SP,,0
11bfa66332777660bd0640ee84d47006,SP,0.8421,76
3a1a1fec38dd360f15fc912e821e169d,SP,0.7333,15
8c351ed7c326c62123318f4f3246e906,SP,1.0000,2
dc4a0fc896dc34b0d5bfec8438291c80,SP,0.9333,225
3a4127e1ba7208ea37044c5092aae170,SP,1.0000,5
7c4402417d51474d4d0cda9557340e40,SP,1.0000,1
3968920b9aa752ab98f7d5888c9252f2,SP,0.8750,8
e26901d5ab434ce92fd9b5c256820a4e,SP,0.9746,197
a6fe7de3d16f6149ffe280349a8535a0,SP,0.8400,50
aac29b1b99776be73c3049939652091d,MG,0.9043,94
54a1852d1b8f10312c55e906355666ee,SP,0.9040,198
c826c40d7b19f62a09e2d7c5e7295ee2,SP,0.9046,346
a425f92c199eb576938df686728acd20,PR,1.0000,16
3c3017960b2dbd72711a61f0400aab8f,SC,1.0000,9
d12c926d74ceff0a90a21184466ce161,SP,0.9868,76
985c92cc412091f8529c12d7f23d3fef,MG,0.9167,12
594f9aaa48e5bf431f011ddc5669b0d5,MG,0.9730,37
eba88037e1dca898cd02881f67ced679,SP,0.8333,6
f7ccf836d21b2fb1de37564105216cc1,SP,0.8986,69
7e3f87d16fb353f408d467e74fbd8014,SP,0.8791,91
bb135baca94c82fcb731335ad5b04a03,SP,1.0000,18
f5f46307a4d15880ca14fab4ad9dfc9b,SC,0.8889,9
4830e40640734fc1c52cd21127c341d4,SP,0.9314,204
dbb9b48c841a0e39e21f98e1a6b2ec3e,SP,0.9630,108
8fb67a334bacec338885b4e9e1708073,PR,1.0000,1
72c5da29406b4234927b81855e7b64f6,SP,0.9677,31
ad738d3fcf42655ed15c4960b7b6c601,RS,,0
0ed6ce5d87fd9c69eaacaeb778d67235,SP,0.8571,42
6973a06f484aacf400ece213dbf3d946,SP,0.8315,89
9bade61a92bed55a25d2b67b9f4ed739,PR,1.0000,2
0cbcee27c791afa0cdcb08587a2013a8,MG,0.8947,38
fcdd820084f17e9982427971e4e9d47f,SP,0.8750,16
9b1f656ca3060f8af17a50d8a024b533,SP,0.5000,2
b1a81260566c1bac3114a6d124413f27,RS,0.9804,51
080199a181c46c657dc5aa235411be3b,SP,0.9747,79
cca3071e3e9bb7d12640c9fbe2301306,SP,0.9413,699
788e857f317e53de488d393e65a80f45,SP,1.0000,11
d51e0a403fe2e689ece6c73359d96e12,SP,0.8889,18
7f7b8245c336066a1f9933c359f11d77,SP,0.9737,38
8648b1e89e9b349e32d3741b30ec737e,SP,0.8925,93
717b78b0950b51ed00b1471d858b0edc,SP,0.8000,5
ebd2d60905fb58271facef5596b620d3,SP,0.9634,82
efcd8d2104f1a05d028af7bad20d974b,SP,0.9783,46
530ec6109d11eaaf87999465c6afee01,PR,0.9894,94
89f69225956f951295ca4c7fb1266553,RJ,0.9091,11
6bb62a4912377c7bfe7cb17b406bc7e6,SP,1.0000,4
0adac9fbd9a2b63cccaac4f8756c1ca8,SP,0.9340,106
6d22a1fcebb6dd08c9cd90b92a93e8d0,SC,1.0000,12
b39d7fe263ef469605dbb32608aee0af,SP,0.9535,43
36890be00bbfc1cdb9a4a38a6af05a69,SP,0.7692,13
7b0df942f46435babab05d49b744b2c4,SP,0.9062,32
f27e33c6d29b5138fa9967bcd445b6d5,SP,0.8925,93
55d3daac7c404d59e51c2aa2f4dc5a23,SP,1.0000,21
659e8466eb3ff1b0e8740d74fb7bbedd,BA,1.0000,11
e3a386fc36e22064434e1fa256f6a9fa,SP,0.8125,16
c9aafcd0621b2207c10e32c649cada4d,SP,0.9000,40
9fe7c6641c79970ab48185498f547c09,SP,1.0000,1
08ad4ac1388e4420ca531c3edfc46198,SP,1.0000,6
e601b04acf48b4576e73ddca9481f0dc,SP,1.0000,15
98dac6635aee4995d501a3972e047414,SP,0.9101,89
a49928bcdf77c55c6d6e05e09a9b4ca5,SP,0.7396,96
a1bea7061f61f6fdd9a85a6325ba1033,SP,0.8889,9
0d85bbda9889ce1f7e63778d24f346eb,MG,0.8824,51
4c61e37f664c3c88aff092aa5ac779d7,RJ,0.7143,7
d624126b9206f595fb3fbb6ba03b28a8,PR,0.9565,23
26d8a1c7c75d513045798992ead43aa2,PR,0.9118,34
f181738b150df1f37cb0bd72e705b193,SP,0.8889,36
d5c530f4884a75ae0dba9c148718d278,MG,0.8000,5
5ab05b6d86d417796c69ffd6774ec832,SP,0.9000,10
9de4643a8dbde634fe55621059d92273,SC,0.9583,72
3be634553519fb6536a03e1358e9fdc7,SP,0.9125,80
b906dd0e57f282c7089171b6ed07982e,PR,1.0000,2
04308b1ee57b6625f47df1d56f00eedf,SC,0.8804,92
457fe919b032a3f7dadba6fb92cf7855,SP,0.8889,9
0ac4201fda2c68ebc0e47cb9423cf3c9,SP,0.9231,13
a2b5b6105ea5942300631d2e76f4ffe0,SP,0.8750,16
23d7c96d4a1160db1c726b248601b25a,SP,0.8800,50
e883aa812c37a7413226856f4579fe91,SP,0.9615,26
86bb7c4b535e49a541baf3266b1c95b1,SP,0.8125,16
c0563dd588b775f2e37747ef6ad6c92c,SP,0.8929,28
e5475dcab1e07b63d7f6e902d8f5eda8,SP,0.9474,19
aded58c8142dedc5494a81f948431fab,RJ,1.0000,4
33a6f4b1e7cdc205511e76ba1b6e0186,SP,0.9810,105
91f848e9f4be368f4318775aac733370,SP,0.9667,60
7a67c85e85bb2ce8582c35f2203ad736,SP,0.9406,1145
b372ee768ed69e46ca8cdbd267aa7a38,SP,1.0000,63
d20b021d3efdf267a402c402a48ea64b,SP,0.8256,86
0ea22c1cfbdc755f86b9b54b39c16043,MG,0.9829,234
be8e909810184b9b19e886129149d8e5,SP,0.8000,15
db2956745b3a8e9f3785c99f34b5d25e,SP,0.8889,45
232a6014e7b10cba61c6c2b2ea6bb4b0,SP,0.9375,32
fffd5413c0700ac820c7069d66d98c89,SP,0.8596,57
712e6ed8aa4aa1fa65dab41fed5737e4,SC,0.7792,77
6dd7dce75cd55c1ce255dc38d9f0cd46,SC,1.0000,1
05730013efda596306417c3b09302475,SC,1.0000,4
0b35c634521043bf4b47e21547b99ab5,PR,0.8400,50
f5403d3f50089112c4eed37928b7f622,SP,,0
7adbd3210a7b3cc2235e225eef33574d,SP,1.0000,3
edb1ef5e36e0c8cd84eb3c9b003e486d,RJ,0.9212,165
3361277dc30b7cccdb0c286b24219756,PR,0.9310,29
3c7c4a49ec3c6550809089c6a2ca9370,SP,0.9209,139
48162d548f5b1b11b9d29d1e01f75a61,SP,0.9697,66
3fd1e727ba94cfe122d165e176ce7967,SP,0.8000,35
9646c3513289980f17226a2fc4720dbd,SP,0.9710,69
36a968b544695394e4e9d7572688598f,SP,0.9527,148
4b5f66b7adcf57f1ecc0d3c07dd6b177,PR,0.9565,23
ec21206b7894c503788a684a7bc822a6,RJ,1.0000,1
af4a0e4cfe1d9c26b6712b1be25a72e5,MG,0.9048,21
5721089ba9214e80074f27d5a03fc0eb,SP,1.0000,5
8160255418d5aaa7dbdc9f4c64ebda44,SP,0.8342,380
cee48807215b30a12ca2ca10ffb5f250,SP,0.8462,39
633ecdf879b94b5337cca303328e4a25,SP,0.3333,6
4c03b9dd4c11ee2cb35c96c49efc9420,SP,0.9792,48
a5a1bfcf728ab0e19182959cf0771ee4,SP,0.9048,21
ffff564a4f9085cd26170f4732393726,SP,1.0000,8
bbad7e518d7af88a0897397ffdca1979,SP,0.8382,68
99a54764c341d5dc80b4a8fac4eba3fb,SP,0.7955,44
282f23a9769b2690c5dda22e316f9941,MG,0.9490,98
e21a1e8be4715b0fcfd5385643bc49c4,SC,1.0000,20
fdaaf5bfda82b7b80535610c831b8d09,SP,0.9000,10
751e274377499a8503fd6243ad9c56f6,SP,1.0000,1
b1fc4f64df5a0e8b6913ab38803c57a9,RJ,0.8785,107
0ebd97a106433a45a4aebe57c1799778,MG,1.0000,31
a7f13822ceb966b076af67121f87b063,SP,0.9315,73
80e6699fe29150b372a0c8a1ebf7dcc8,PR,0.9583,96
c003204e1ab016dfa150abc119207b24,SP,0.9333,195
5656537e588803a555b8eb41f07a944b,DF,0.9240,171
503c1de08ae81a2d86f17951b204db55,SP,0.9091,22
b8bc237ba3788b23da09c0f1f3a3288c,SC,0.9778,45
404e1ba01358af4cd63f679b2c4d1fa1,MG,1.0000,8
de23c3b98a88888289c6f5cc1209054a,SP,0.9006,161
e8a85b5f3df47be0984c55fd4064dbb4,DF,0.8750,8
28f10b1c5e5abb9d4857745bede6147c,SP,0.7857,28
2a61c271b1ac763450d846849783e922,SP,0.7778,18
ba6ce6de456f6c11d08c17701ba5c26f,SP,0.8333,6
5dceca129747e92ff8ef7a997dc4f8ca,SP,0.9379,322
3d871de0142ce09b7081e2b9d1733cb1,SP,0.9408,1064
86ccac0b835037332a596a33b6949ee1,SC,0.9663,178
aac51c486b672a9850d59f3e84b1cf88,SP,1.0000,10
3340ef1913fb70d28420f6ceb685c339,PR,0.9062,32
fc99f99385ae90f66f01733856fb88c9,SP,,0
1bb2bdb95f4841f1bba2c0d2cd83d3c9,SP,0.9241,79
670c26e0f1bf8d0576271d5cfaec6d2b,PR,0.9481,77
f4aba7c0bca51484c30ab7bdc34bcdd1,SP,0.9352,108
e0878efa0e0b7e5313ac0b43bc04c081,PR,0.8077,26
03a2a6dcbe45d639c4dc2a0d24769c40,SP,0.8889,9
e9d99831abad74458942f21e16f33f92,SP,0.8923,130
dc8798cbf453b7e0f98745e396cc5616,SP,0.9429,35
240b9776d844d37535668549a396af32,RJ,0.9429,35
abcd2cb37d46c2c8fb1bf071c859fc5b,MT,0.9545,44
0bb738e4d789e63e2267697c42d35a2d,SP,0.9643,28
8c16d1f32a54d92897cc437244442e1b,SC,0.9907,108
f5a590cf36251cf1162ea35bef76fe84,SP,0.8938,113
1e8b33f18b4f7598d87f5cbee2282cc2,SP,0.9508,122
1da3aeb70d7989d1e6d9b0e887f97c23,SP,0.9425,261
53e4c6e0f4312d4d2107a8c9cddf45cd,SP,0.9460,463
039e6ad9dae79614493083e241147386,SP,0.8000,5
527801b552d0077ffd170872eb49683b,SP,0.9000,90
2ea0861cc19e94cad86438c984c52da4,SP,1.0000,6
7202e2ba20579a9bd1acb29e61fe71f6,SP,0.9412,51
0509040ea3fe50071181bbc359eb7738,MG,0.9310,87
e89c4adbe7b1d0819dbb636e16461cf1,SP,0.8750,24
5c853bb56f70f4d14218944bae111d7a,SP,1.0000,23
bba74270a87732727b5a3b4fd9ac1c39,MG,1.0000,35
835f0f7810c76831d6c7d24c7a646d4d,SP,0.6905,42
238fac594e170b59c6d228f5a4f4f1d9,SP,0.8966,29
29c322e3f09f886f8bacbe91dfbd979e,RS,1.0000,1
5cf13accae3222c70a9cac40818ae839,MG,0.9662,148
8d79c8a04e42d722a75097ce5cbcf2ef,CE,0.8462,26
8ae520247981aa06bc94abddf5f46d34,SC,0.9846,65
ac3508719a1d8f5b7614b798f70af136,RS,0.9703,101
4a3ca9315b744ce9f8e9374361493884,SP,0.8900,1772
6d988d6174a2c27441597174f8905515,PR,0.8947,19
6f892e20a171e98efe17fdb971ff319b,SP,0.9024,41
4bfc7a4a1cf8d4d2121c27422d9e50b5,SP,0.9615,26
034b9387752bfa309f350a70cd45ffa3,SC,1.0000,8
0725b8c0f3f906e58f70cbe76b7c748c,SP,0.6250,16
634964b17796e64304cadf1ad3050fb7,RJ,0.8981,265
3078096983cf766a32a06257648502d1,SP,0.9464,56
014d9a685fd57276679edd00e07089e5,PR,1.0000,11
bccf933e006e9b94a6184af782963e77,SP,0.9778,45
12c2ed9cded6138cf0c75f525f565fc7,SP,0.5000,4
b33e7c55446eabf8fe1a42d037ac7d6d,SP,0.8725,149
218d46b86c1881d022bce9c68a7d4b15,SP,0.9058,382
813348c996469b40f2e028d5429d3495,SP,0.9477,172
2745f798279e0ed033addcc1474776d7,SP,0.9062,32
6b803197e03abd5056b4313306b4f29d,SP,1.0000,7
3b15288545f8928d3e65a8f949a28291,SP,0.9307,101
cce6ab8d1682639fe45ab70234f1665f,SP,0.9508,61
eb4df17aed01d918c65f0f8d650900c0,SP,0.7273,11
2f09f7d37a97956d11cc1a7cadd5262b,SP,0.8571,7
f41ce2e25237f9092cd8e6e7516c7a2f,SP,1.0000,26
8e6cc767478edae941d9bd9eb778d77a,MG,0.9200,100
3f8034bfc6b8b4135534975d49f04c63,PR,1.0000,11
4992e76a42cb3aad7a7047e0d3d7e729,SP,0.9286,56
0afccdb8a34ee5c79f7c06faf2b4d56e,MG,0.9167,24
02a2272692e13558373c66db98f05e2e,RJ,,0
2953ce3a88f5e3c3b696d77fc9e4c8eb,SP,0.7857,14
bbf9ad41dca6603e614efcdad7aab8c4,CE,1.0000,14
4da0e408c99d2fdc2126dc9fce518060,PR,1.0000,44
8b28d096634035667e8263d57ba3368c,SP,0.8849,139
82cb9f452fe8334df74b22d37824b431,RS,1.0000,14
4371b634e0efc0e22b09b52907d9d469,SP,0.9208,101
1b45169b635ef59425637e9a33eb5fb3,PR,1.0000,7
bd23da7354813347129d751591d1a6e2,SP,0.9535,86
7238a95bb63ef7e498389fb863b834a1,SP,0.9333,15
a0d7fbb07bb5ebc3b05980e750db56f3,SP,1.0000,3
10264f60a8f0a4d2f30810f5c661c673,SP,1.0000,4
1c742ac33582852aaf3bcfbf5893abcf,MG,1.0000,1
8f2ce03f928b567e3d56181ae20ae952,SP,0.8477,151
4d9fea3499bdc22aa4da4e339365f215,SP,1.0000,2
d4e12e7884759a14fa0f5f896c791cae,SP,0.9310,29
e24fc9fcd865784fb25705606fe3dfe7,SP,0.9216,51
26e2c91ef821e1ff8985f408788fe35b,SP,0.5833,12
900ba814c251a692506d7834c1218441,SP,0.8605,86
c458e2045a8aa8964f8879af03fdcce6,SP,1.0000,4
8a32e327fe2c1b3511609d81aaf9f042,SP,0.9683,126
31561f325664a8a7aba4c8d0c3a9b3db,SP,0.9722,36
d23019c84ffae2d5ef2270367b8605fc,PR,0.9744,39
4a1f694197d05fe70026b016a7316b41,SP,0.9286,14
a44fb5a447105f8469bdf16bf9159f25,RS,0.7368,19
4869f7a5dfa277a7dca6462dcf3b52b2,SP,0.8843,1124
1c5e4e49b9079480255b49d50aac1aa9,SP,1.0000,12
37515688008a7a40ac93e3b2e4ab203f,SP,0.8987,227
818d28f936e791926d33bcb6ee94ef79,SP,1.0000,4
080102cd0a76b09e0dcf55fcacc60e05,MG,0.9590,122
b2ac621f0d0322434d04a12b078b9369,PR,0.9000,30
244c2f1bff6afe1f2eaf9bfe9b2aed38,SP,0.9130,23
71039d19d4303bf9054d69e9a9236699,SP,0.7714,35
7ad41305e96a6cab8294cd65891e9a86,SP,1.0000,2
4d6d651bd7684af3fffabd5f08d12e5a,SP,0.9532,363
b76dba6c951ab00dc4edf0a1aa88037e,SP,0.9682,157
b4ffb71f0cb1b1c3d63fad021ecf93e1,SP,0.9790,143
0417b067eeab773d2f7061a726dc477f,SC,0.6923,13
974cf2cb8f4b7add98709c30df02fe10,SP,0.9667,30
3c487ae8f8d7542beff5788e2e0aea83,DF,0.9667,30
4a3ccda38b2129705f3fb522db62ca31,SP,0.9062,64
33576ec5412fb5905d876f12f33bfde6,PR,0.9677,31
5b85809efd0d0e4dea1a9544e1280ed9,SP,1.0000,12
e504a4e2efaa45cbff7e268a2c58c956,SP,0.7000,10
056b4ada5bbc2c50cc7842547dda6b51,RJ,0.8906,64
34056b8b55c1775a22af2331670a799c,SP,0.8831,77
c9c7905cffc4ef9ff9f113554423e671,SP,0.8976,127
75d34ebb1bd0bd7dde40dd507b8169c3,BA,0.8421,57
e5e33c0d8e7e002f398f5dc4cbbb338f,SP,0.8846,26
8f54d64f28a993550aa7943f12572959,MG,0.9333,15
13074f016982ff2bd6c58ced8682f000,RS,0.6923,13
534a01cc6df1e034e05c32028a291fa2,SP,1.0000,5
57e632711dec9ec14ca7546769483e7e,SC,1.0000,62
cb3dd9ce66268c7a3ca7241ac70ab58c,SP,0.9375,48
094ced053e257ae8cae57205592d6712,SP,1.0000,19
9906e7aa42a3c067b7c9a564d01c4320,PR,0.8333,12
1f1bb1f0859883505541bdd6606193e5,SP,0.8889,27
4200ddf1967c5e41e48db62bc6d4b5ac,SP,0.9545,22
236585a4ddb5fea9fa40233e2249ed91,RS,0.9091,11
499ec63c58e51296c9cf57edcfe1c8a8,SP,1.0000,5
6f83d9e4da896daae20b9b6b2d3ff8d2,PR,1.0000,11
c847e075301870dd144a116762eaff9a,MG,0.9024,41
6cf476a4ca74498db55cbccdaa9dcfb6,SP,0.6000,5
4736e9d642ef4257cd7622516931eb51,SP,1.0000,16
a5cba26a62b8b4d0145b68b841e62e7f,PR,0.9811,53
1025f0e2d44d7041d6cf58b6550e0bfa,SP,0.8989,910
891071be6ba827b591264c90c2ae8a63,SP,0.8235,85
6aa3928696eab49a19a466e665a649fd,RJ,0.9444,18
827f8f69dfa529c561901c4f2e0f332f,PR,0.9011,91
59fb871bf6f4522a87ba567b42dafecf,SP,0.9350,123
fa74b2f3287d296e9fbd2cc80f2d1cf1,SP,0.6000,5
a1043bafd471dff536d0c462352beb48,MG,0.9430,702
6e4a902d1054e4e17aa6eab87fac1c75,SP,0.7143,7
92eb0f42c21942b6552362b9b114707d,SP,0.9192,334
883dd81e82754ac2c65e9790a7db8c9a,PR,1.0000,5
09883d9ab71c8fe8a9bfc7fc3075b07e,SP,0.7500,4
6bbcb8924baf70b7fe2fe2097e8cd407,SC,1.0000,10
725c32fa80c2faacc4fc88450d27314e,SP,0.9888,89
850913d59ce317156b00f3705f1c3edb,SP,0.8276,29
7354220fb240bde543b3c40c060d41e7,DF,1.0000,7
e8b3a3a38279a82f0e5d006d5e5b7d2c,PR,0.9500,80
b17b679f4f5ce2e03ce6968c62648246,SP,0.8200,50
ce616e1913288884e7742faac9d981db,SP,0.9286,14
3a3c180dd702a725bd0ba4117689239e,PR,1.0000,1
0a85ebe4e328db81ac9109781205e2f7,SP,0.9167,12
0db783cfcd3b73998abc6e10e59a102f,SP,0.9621,132
52f9db5cfb423382a2fa5c9e39303202,SP,1.0000,21
431af27f296bc6519d890aa5a05fdb11,SP,0.8448,116
0be8ff43f22e456b4e0371b2245e4d01,SP,0.9359,156
1835b56ce799e6a4dc4eddc053f04066,SP,0.8825,417
2e13c71026e1a39ba5cc1b86dcb679aa,SP,0.9167,24
13d058e4eeac2ce8217660b2f8a05812,SP,0.8636,22
e48b04bf1aa1ef711caebeb7aede6180,PR,1.0000,25
382229d1e840115ffe3dbf5ff460e417,RJ,0.8889,45
5c243662ce92d84573bfaff24c3e3700,SP,0.9694,98
fd386aa7bed2af3c7035c65506c9b4a3,SP,0.8986,69
4559697a8f7e637227c2eeaed843baff,SP,0.9231,39
42fa4ee7240e9b8eb4576358ec142ba7,RS,1.0000,22
c8660dcf9ba70575f45d80fe28c27713,SP,0.7500,4
7ecd59e5e20407131822c1a68ac59c1f,DF,0.8333,24
128f9bfbe4c7d5185033914b1de3d39a,SP,0.9231,13
81a1104df0f08b59c68aa5b03cfe398e,PR,0.9444,72
f8db351d8c4c4c22c6835c19a46f01b0,SP,0.9484,659
0743a0239d764b9a0f959a57d07e36ab,SP,1.0000,4
131fcb0a0c9a47bba4474aacff0f14b7,SP,1.0000,4
1838dd9b8977065acf51d95e0053ea7a,MG,0.9516,62
39d54ff918774174706fb065d7f9dc07,SP,0.8636,22
1ca7077d890b907f89be8c954a02686a,SP,0.7778,108
89a51f50b8095ea78d5768f34c13a76f,DF,1.0000,10
651fe66032c9520ee5587f694908040d,RS,1.0000,7
d566c37fa119d5e66c4e9052e83ee4ea,SP,0.9692,65
2b3e4a2a3ea8e01938cabda2a3e5cc79,SP,1.0000,52
e333046ce6517bd8bb510291d44f0130,SP,0.9412,68
5a413ade68e8f8d93071a7f52a64cb9e,SP,0.8571,14
9535a841eecebed61a9fb1ac1cbb5597,SP,1.0000,2
9803a40e82e45418ab7fb84091af5231,GO,1.0000,11
83e197e95a1bbabc8c75e883ed016c47,RJ,0.9783,46
17908cf9b444ee34047cadd5c0f4a516,GO,0.9091,11
270297ead4c65a6cd2593960d2af6b21,SP,1.0000,17
17f51e7198701186712e53a39c564617,SP,0.9107,56
655220df33262c7e0c4949a147366f94,SP,0.8462,13
44f091b5abab8018f682fce8124b85e5,SP,0.3333,3
f4ce8ca9fa7157e3b33f536ac9a4487d,SP,1.0000,4
de9727ca376d1be6ec121b110aa7954c,PR,0.8889,9
70a12e78e608ac31179aea7f8422044b,SP,0.8910,312
a00824eb9093d40e589b940ec45c4eb0,SP,1.0000,3
0015a82c2db000af6aaaf3ae2ecb0532,SP,1.0000,3
c1d1ebb4745cc43cb6f05e9c8a705c9a,SP,0.0000,1
ff063b022a9a0aab91bad2c9088760b7,SP,0.9681,94
82bd0703a4aefd6b599e5bfdaed378fb,SP,0.9500,20
beadbee30901a7f61d031b6b686095ad,SP,0.7500,64
25cf099de44674fde97473224f9d59ab,SP,0.9600,50
0885aaf116795758dfeb5f1032487bcd,SP,0.9630,27
dfc5fb7259bb2b599ca565e6e9448f0f,SP,0.9697,33
7c4618c82226628831613e95e9c22f44,SP,0.8462,13
06579cb253ecd5a3a12a9e6eb6bf8f47,SP,0.8689,61
8ab42aa58097fd4668d60cc648225d5f,GO,1.0000,20
cb6c9f5888a7a090c75beaf615925792,ES,0.9091,11
46dc3b2cc0980fb8ec44634e21d2718e,RJ,0.9345,504
81f89e42267213cb94da7ddc301651da,SP,1.0000,46
58f1a6197ed863543e0136bdedb3fce2,MG,0.9762,42
df56d7b40d437f88407c5f78b63bc328,PR,0.9545,22
165fc07beebdcb6190fba8a06db2a449,PR,0.8800,50
70eea00b476a314817cefde4aad4f89a,SP,0.9245,106
7040e82f899a04d1b434b795a43b4617,SP,0.9038,208
a1544b9ea0b2390e020537d4daa89049,SP,1.0000,8
7daca0837f033a41a6f3428c18657533,SP,0.7143,7
d66c305afaec317ebee552073a674429,MG,0.9737,38
42bde9fef835393bb8a8849cb6b7f245,DF,0.9706,34
89bc797e2e29667aa035d4368f9b7f92,SP,0.8125,16
66922902710d126a0e7d26b0e3805106,MG,0.9267,150
32f1bb9dfa65bc7df5c0d9d95a616be4,SP,0.7500,4
05f51e13da97139648b8125c31e5f51b,MG,0.8421,57
7d456afc660226829370f3173d14520c,SP,0.9455,55
1900267e848ceeba8fa32d80c1a5f5a8,SP,0.8966,406
157c3e4b42f81ac4a44e8b1ca2fe9876,SP,0.9130,23
6ee85be3693ed79a8e80718743d80655,SP,0.6000,5
d5ba419e26d246a0719437cf37d9b46d,SP,0.8788,33
15aac934c58d886785ac1b17953ea898,ES,0.8800,25
f789d2c4f2c2eb38fc4373e7a4b35264,MG,0.9545,44
31da954dc0855f2495c6310f70a2f931,SP,0.8966,29
63b9ae557efed31d1f7687917d248a8d,SP,1.0000,5
17e34d8224d27a541263c4c64b11a56b,SP,0.9150,247
e2aee0892199b1d92530e371abd825bf,PR,0.8611,36
870d0118f7a9d85960f29ad89d5d989a,MG,0.9556,45
ec8879960bd2221d5c32f8e12f7da711,SP,0.8286,35
a938325a4b357fd23a6a4d5bb126408e,RJ,0.9583,24
778323240ce2830d68aab11794e00bfb,SP,1.0000,3
a3dd39f583bc80bd8c5901c95878921e,BA,0.9706,34
4342d4b2ba6b161468c63a7e7cfce593,RJ,0.5000,2
06df0c10d34e459d9672bc77388742eb,PR,0.8846,26
3c03b12bab54d8b37d79d914bfdb1aa0,RJ,0.8378,37
f9244d45189d3a3605499abddeade7d5,SP,1.0000,20
2b3b9ce054da76a7428df143a567b156,SP,1.0000,5
66e0557ecc2b4dbea057e93f215f68d8,SP,0.7333,30
55c96925041a14097b6a7825554f4ad5,SP,0.6000,5
87e24fc7052259b1f7f607d61c10d8be,SP,0.8571,7
ea67327e24487bdfac5fbfa37ea124df,SP,0.9688,32
c70c1b0d8ca86052f45a432a38b73958,SP,0.9154,260
e94b64dc6979b302a5a5be1662c83bb6,SP,1.0000,2
